Set,MAE,RMSE,R2
Train,0.17741576452534127,0.23047937911660588,0.9701820858949559
Test,0.6668334253489407,0.8828574327389261,0.6214974450601596
