Set,MAE,RMSE,R2
Train,0.2263847672341292,0.295196304559083,0.9510858015106277
Test,0.9818490523502118,1.3577273439926314,0.10481501486086553
